CODI_PROVINCIA,PROVINCIA,CODI_MUNICIPI,MUNICIPI,ESTACIO,CODI_CONTAMINANT,ANY,MES,DIA,H01,V01,H02,V02,H03,V03,H04,V04,H05,V05,H06,V06,H07,V07,H08,V08,H09,V09,H10,V10,H11,V11,H12,V12,H13,V13,H14,V14,H15,V15,H16,V16,H17,V17,H18,V18,H19,V19,H20,V20,H21,V21,H22,V22,H23,V23,H24,V24
08,Barcelona,019,Barcelona,043,999,2024,4,25,21.4,V,25.3,V,26.3,V,26.4,V,27,V,24.7,V,20.7,V,17.9,V,19,V,18.8,V,19.1,V,17,V,16.9,V,18.9,V,17.4,V,17.4,V,17.2,V,17.1,V,17.7,V,19.3,V,19,V,17.9,V,20.9,V,21.5,V
08,Barcelona,019,Barcelona,043,999,2024,4,26,,N,26,V,28.8,V,25.9,V,22.6,V,19.3,V,20,V,19.1,V,16.6,V,16.4,V,16.6,V,18,V,18.3,V,17.2,V,23.8,V,23.3,V,22,V,18.3,V,17.1,V,16.8,V,15.8,V,12.8,V,16,V,19.8,V
08,Barcelona,019,Barcelona,043,999,2024,4,27,19.3,V,19.3,V,17.9,V,20.2,V,20.9,V,20.2,V,19.8,V,17.5,V,17.5,V,18,V,17.9,V,17.2,V,15.6,V,18.9,V,20.3,V,19.5,V,13.8,V,14.9,V,16.1,V,17.3,V,19.2,V,18.5,V,17.5,V,15.8,V
08,Barcelona,019,Barcelona,043,999,2024,4,28,18.4,V,15.9,V,12.7,V,18.7,V,19.1,V,19.9,V,23.2,V,21.4,V,23.7,V,23,V,17.7,V,14.5,V,17.8,V,18.2,V,,N,,N,,N,,N,,N,,N,,N,,N,,N,,N
08,Barcelona,019,Barcelona,054,999,2024,4,25,14.4,V,17.8,V,20.2,V,20.1,V,22.2,V,15.9,V,11.1,V,7.4,V,7.9,V,6.9,V,7.1,V,9.3,V,10.4,V,11.3,V,15,V,11.3,V,9.2,V,10.7,V,9.5,V,11.4,V,8.6,V,9.1,V,9.4,V,13.5,V
08,Barcelona,019,Barcelona,054,999,2024,4,26,,N,8.4,V,11.4,V,14.2,V,17.3,V,13.3,V,7.4,V,6.9,V,7.6,V,9.4,V,8.2,V,9.7,V,12.9,V,20,V,21.4,V,15,V,14.3,V,13,V,11,V,11.8,V,11,V,15.2,V,14.3,V,15.5,V
08,Barcelona,019,Barcelona,054,999,2024,4,27,11.8,V,8.4,V,9.4,V,9.7,V,8.8,V,8.5,V,7.5,V,6.5,V,7.3,V,7.1,V,7.6,V,6.2,V,7.3,V,6.7,V,5.5,V,12.5,V,11.8,V,10.7,V,9.5,V,15.5,V,13.3,V,13.4,V,13.4,V,8.5,V
08,Barcelona,019,Barcelona,054,999,2024,4,28,7.5,V,7.8,V,8.1,V,8,V,8,V,7.7,V,13.4,V,17.3,V,20.6,V,27.3,V,27,V,18.5,V,19.8,V,24.6,V,,N,,N,,N,,N,,N,,N,,N,,N,,N,,N
08,Barcelona,019,Barcelona,043,22,2024,4,25,1101,V,815,V,647,V,987,V,471,V,543,V,596,V,739,V,865,V,928,V,905,V,1049,V,1052,V,874,V,883,V,746,V,691,V,878,V,872,V,681,V,1009,V,835,V,861,V,789,V
08,Barcelona,019,Barcelona,043,22,2024,4,26,,N,425,V,434,V,419,V,488,V,458,V,887,V,1333,V,1491,V,1283,V,1630,V,1613,V,2047,V,1004,V,917,V,1103,V,1377,V,1222,V,1725,V,1821,V,1810,V,1918,V,1533,V,719,V
08,Barcelona,019,Barcelona,043,22,2024,4,27,808,V,539,V,519,V,389,V,325,V,444,V,520,V,512,V,938,V,1171,V,733,V,1085,V,1430,V,1823,V,1386,V,1469,V,1530,V,1327,V,1419,V,1420,V,715,V,1586,V,2354,V,1433,V
08,Barcelona,019,Barcelona,043,22,2024,4,28,1734,V,1382,V,1319,V,663,V,867,V,477,V,436,V,407,V,499,V,630,V,587,V,1148,V,821,V,970,V,,N,,N,,N,,N,,N,,N,,N,,N,,N,,N
08,Barcelona,019,Barcelona,054,22,2024,4,25,859,V,614,V,472,V,467,V,394,V,529,V,847,V,1220,V,824,V,751,V,698,V,528,V,333,V,245,V,225,V,251,V,258,V,243,V,269,V,262,V,398,V,525,V,564,V,495,V
08,Barcelona,019,Barcelona,054,22,2024,4,26,,N,874,V,713,V,404,V,450,V,747,V,1836,V,2143,V,1762,V,988,V,1542,V,1138,V,639,V,322,V,302,V,407,V,386,V,418,V,445,V,562,V,537,V,611,V,358,V,289,V
08,Barcelona,019,Barcelona,054,22,2024,4,27,347,V,318,V,268,V,226,V,228,V,237,V,279,V,415,V,408,V,482,V,490,V,532,V,556,V,687,V,1219,V,539,V,539,V,561,V,489,V,480,V,328,V,361,V,593,V,336,V
08,Barcelona,019,Barcelona,054,22,2024,4,28,258,V,423,V,325,V,333,V,265,V,252,V,198,V,230,V,249,V,191,V,189,V,313,V,306,V,274,V,,N,,N,,N,,N,,N,,N,,N,,N,,N,,N
08,Barcelona,019,Barcelona,043,6,2024,4,25,0.3,V,0.2,V,0.2,V,0.2,V,0.2,V,0.2,V,0.2,V,0.3,V,0.4,V,0.4,V,0.3,V,0.2,V,0.2,V,0.2,V,0.3,V,0.3,V,0.2,V,0.3,V,0.4,V,0.4,V,0.4,V,0.3,V,0.3,V,0.3,V
08,Barcelona,019,Barcelona,043,6,2024,4,26,0.2,V,0.2,V,0.2,V,0.2,V,0.2,V,0.3,V,0.3,V,0.5,V,0.5,V,0.4,V,0.4,V,0.4,V,0.4,V,0.4,V,0.5,V,0.5,V,0.6,V,0.5,V,0.6,V,0.7,V,0.7,V,0.6,V,0.5,V,0.4,V
08,Barcelona,019,Barcelona,043,6,2024,4,27,0.5,V,0.3,V,0.3,V,0.3,V,0.2,V,0.2,V,0.2,V,0.3,V,0.3,V,0.4,V,0.3,V,0.4,V,0.4,V,0.4,V,0.4,V,0.3,V,0.3,V,0.4,V,0.4,V,0.4,V,0.3,V,0.5,V,0.4,V,0.4,V
08,Barcelona,019,Barcelona,043,6,2024,4,28,0.4,V,0.2,V,0.2,V,0.2,V,0.2,V,0.2,V,0.2,V,0.2,V,0.2,V,0.2,V,0.2,V,0.2,V,0.2,V,0.2,V,,N,,N,,N,,N,,N,,N,,N,,N,,N,,N
08,Barcelona,019,Barcelona,057,6,2024,4,25,0.3,V,0.2,V,0.2,V,0.2,V,0.2,V,0.2,V,0.2,V,0.2,V,0.3,V,0.2,V,0.3,V,0.3,V,0.3,V,0.4,V,0.4,V,0.4,V,0.3,V,0.4,V,0.3,V,0.3,V,0.4,V,0.4,V,0.4,V,0.3,V
08,Barcelona,019,Barcelona,057,6,2024,4,26,0.3,V,0.3,V,0.3,V,0.3,V,0.3,V,0.3,V,0.4,V,0.5,V,0.4,V,0.3,V,0.4,V,0.4,V,0.3,V,0.3,V,0.4,V,0.3,V,0.3,V,0.2,V,0.2,V,0.2,V,0.2,V,0.2,V,0.2,V,0.2,V
08,Barcelona,019,Barcelona,057,6,2024,4,27,0.2,V,0.2,V,0.1,V,0.1,V,0.1,V,0.1,V,0.1,V,0.1,V,0.1,V,0.1,V,0.1,V,0.1,V,0.1,V,0.1,V,0.1,V,0.1,V,0.1,V,0.1,V,0.1,V,0.1,V,0.1,V,0.1,V,0.1,V,0.1,V
08,Barcelona,019,Barcelona,057,6,2024,4,28,0.1,V,0.1,V,0.1,V,0.1,V,0.1,V,0.1,V,0.1,V,0.1,V,0.1,V,0.1,V,0.1,V,0.1,V,0.2,V,0.2,V,,N,,N,,N,,N,,N,,N,,N,,N,,N,,N
08,Barcelona,019,Barcelona,054,6,2024,4,25,0.2,V,0.2,V,0.2,V,0.2,V,0.2,V,0.2,V,0.2,V,0.3,V,0.2,V,0.2,V,0.2,V,0.2,V,0.2,V,0.2,V,0.2,V,0.2,V,0.2,V,0.2,V,0.2,V,0.2,V,0.2,V,0.2,V,0.2,V,0.2,V
08,Barcelona,019,Barcelona,054,6,2024,4,26,0.2,V,0.2,V,0.2,V,0.2,V,0.2,V,0.2,V,0.3,V,0.4,V,0.4,V,0.3,V,0.3,V,0.2,V,0.2,V,0.2,V,0.2,V,0.2,V,0.2,V,0.2,V,0.2,V,0.2,V,0.2,V,0.2,V,0.2,V,0.2,V
08,Barcelona,019,Barcelona,054,6,2024,4,27,0.2,V,0.2,V,0.2,V,0.2,V,0.2,V,0.2,V,0.2,V,0.2,V,0.2,V,0.2,V,0.2,V,0.2,V,0.2,V,0.2,V,0.2,V,0.2,V,0.2,V,0.2,V,0.2,V,0.2,V,0.2,V,0.2,V,0.2,V,0.2,V
08,Barcelona,019,Barcelona,054,6,2024,4,28,0.2,V,0.2,V,0.2,V,0.2,V,0.2,V,0.2,V,0.2,V,0.2,V,0.2,V,0.2,V,0.2,V,0.2,V,0.2,V,0.2,V,,N,,N,,N,,N,,N,,N,,N,,N,,N,,N
08,Barcelona,019,Barcelona,043,997,2024,4,25,3867.9,V,3862.6,V,3861.2,V,3861,V,3861,V,3861,V,3861,V,3861,V,3860.5,V,3857.9,V,3854.2,V,3878.4,V,3884.8,V,3881.8,V,3876,V,3873.5,V,3873,V,3873,V,3873,V,3873,V,3873,V,3873,V,3872.8,V,3871.5,V
08,Barcelona,019,Barcelona,043,997,2024,4,26,,N,3885,V,3885,V,3885,V,3885,V,3885,V,3885,V,3884.1,V,3879.7,V,3874.1,V,3873,V,3873,V,3873,V,3873,V,3873,V,3871.5,V,3866,V,3870.6,V,3868.7,V,3861.7,V,3861,V,3861,V,3860.6,V,3858.9,V
08,Barcelona,019,Barcelona,043,997,2024,4,27,3856,V,3852.8,V,3851.1,V,3850,V,3849.4,V,3849,V,3849,V,3849,V,3849,V,3849,V,3849,V,3849,V,3861,V,3872.7,V,3867.7,V,3861.5,V,3861,V,3861,V,3861,V,3860.7,V,3859.8,V,3856.7,V,3851.7,V,3849.1,V
08,Barcelona,019,Barcelona,043,997,2024,4,28,3871.6,V,3873,V,3873,V,3872.1,V,3870.6,V,3867.2,V,3864.5,V,3863.6,V,3862.2,V,3861.2,V,3861,V,3861,V,3861,V,3861,V,,N,,N,,N,,N,,N,,N,,N,,N,,N,,N
08,Barcelona,019,Barcelona,054,997,2024,4,25,3893,V,3893,V,3893,V,3893,V,3893,V,3893,V,3893,V,3891.2,V,3884.3,V,3880.8,V,3880.1,V,3880,V,3880,V,3880,V,3880,V,3880,V,3880,V,3880,V,3880,V,3880,V,3880,V,3880,V,3880,V,3880,V
08,Barcelona,019,Barcelona,054,997,2024,4,26,,N,3918.7,V,3918,V,3918,V,3918,V,3918,V,3918,V,3918,V,3918,V,3917.9,V,3912.6,V,3905.5,V,3905,V,3905,V,3905,V,3905,V,3905,V,3905,V,3905,V,3905,V,3905,V,3930,V,3930,V,3930,V
08,Barcelona,019,Barcelona,054,997,2024,4,27,3930,V,3930,V,3930,V,3930,V,3930,V,3930,V,3929.3,V,3928.3,V,3925.1,V,3920.6,V,3918.2,V,3918,V,3918,V,3918,V,3918,V,3918,V,3918,V,3918,V,3918,V,3918,V,3917.5,V,3916.5,V,3912.1,V,3906.3,V
08,Barcelona,019,Barcelona,054,997,2024,4,28,3905.2,V,3905,V,3905,V,3905,V,3905,V,3905,V,3905,V,3905,V,3905,V,3905,V,3905,V,3905,V,3905,V,3905,V,,N,,N,,N,,N,,N,,N,,N,,N,,N,,N
08,Barcelona,019,Barcelona,043,996,2024,4,25,1131.2,V,1136.5,V,1137.9,V,1138,V,1138,V,1138,V,1138,V,1138,V,1138.5,V,1141.1,V,1144.9,V,1120.6,V,1114.3,V,1117.2,V,1123,V,1125.5,V,1126,V,1126,V,1126,V,1126,V,1126,V,1126,V,1126.2,V,1127.5,V
08,Barcelona,019,Barcelona,043,996,2024,4,26,,N,1114,V,1114,V,1114,V,1114,V,1114,V,1114,V,1114.9,V,1119.3,V,1124.9,V,1126,V,1126,V,1126,V,1126,V,1126.1,V,1127.6,V,1133,V,1128.4,V,1130.3,V,1137.3,V,1138,V,1138,V,1138.4,V,1140.1,V
08,Barcelona,019,Barcelona,043,996,2024,4,27,1143.1,V,1146.2,V,1147.9,V,1149.1,V,1149.6,V,1150,V,1150,V,1150,V,1150,V,1150,V,1150,V,1150,V,1138.1,V,1126.3,V,1131.3,V,1137.5,V,1138,V,1138,V,1138,V,1138.3,V,1139.2,V,1142.3,V,1147.3,V,1150,V
08,Barcelona,019,Barcelona,043,996,2024,4,28,1127.5,V,1126,V,1126,V,1126.9,V,1128.5,V,1131.8,V,1134.5,V,1135.5,V,1136.8,V,1137.8,V,1138,V,1138,V,1138,V,1138,V,,N,,N,,N,,N,,N,,N,,N,,N,,N,,N
08,Barcelona,019,Barcelona,054,996,2024,4,25,1076,V,1076,V,1076,V,1076,V,1076,V,1076,V,1076,V,1077.8,V,1084.7,V,1088.2,V,1088.9,V,1089,V,1089,V,1089,V,1089,V,1089,V,1089,V,1089,V,1089,V,1089,V,1089,V,1089,V,1089,V,1089,V
08,Barcelona,019,Barcelona,054,996,2024,4,26,,N,1050.3,V,1051,V,1051,V,1051,V,1051,V,1051,V,1051,V,1051,V,1051.2,V,1056.5,V,1063.5,V,1064,V,1064,V,1064,V,1064,V,1064,V,1064,V,1064,V,1064,V,1064,V,1039,V,1039,V,1039,V
08,Barcelona,019,Barcelona,054,996,2024,4,27,1039,V,1039,V,1039,V,1039,V,1039,V,1039,V,1039.7,V,1040.7,V,1043.9,V,1048.4,V,1050.8,V,1051,V,1051,V,1051,V,1051,V,1051,V,1051,V,1051,V,1051,V,1051,V,1051.5,V,1052.5,V,1056.9,V,1062.7,V
08,Barcelona,019,Barcelona,054,996,2024,4,28,1063.9,V,1064,V,1064,V,1064,V,1064,V,1064,V,1064,V,1064,V,1064,V,1064,V,1064,V,1064,V,1064,V,1064,V,,N,,N,,N,,N,,N,,N,,N,,N,,N,,N
08,Barcelona,019,Barcelona,043,998,2024,4,25,4999,V,4999,V,4999,V,4999,V,4999,V,4999,V,4999,V,4999,V,4999,V,4999,V,4999,V,4999,V,4999,V,4999,V,4999,V,4999,V,4999,V,4999,V,4999,V,4999,V,4999,V,4999,V,4999,V,4999,V
08,Barcelona,019,Barcelona,043,998,2024,4,26,,N,4999,V,4999,V,4999,V,4999,V,4999,V,4999,V,4999,V,4999,V,4999,V,4999,V,4999,V,4999,V,4999,V,4999,V,4999,V,4999,V,4999,V,4999,V,4999,V,4999,V,4999,V,4999,V,4999,V
08,Barcelona,019,Barcelona,043,998,2024,4,27,4999,V,4999,V,4999,V,4999,V,4999,V,4999,V,4999,V,4999,V,4999,V,4999,V,4999,V,4999,V,4999,V,4999,V,4999,V,4999,V,4999,V,4999,V,4999,V,4999,V,4999,V,4999,V,4999,V,4999,V
08,Barcelona,019,Barcelona,043,998,2024,4,28,4999.1,V,4999,V,4999,V,4999,V,4999,V,4999,V,4999,V,4999,V,4999,V,4999,V,4999,V,4999,V,4999,V,4999,V,,N,,N,,N,,N,,N,,N,,N,,N,,N,,N
08,Barcelona,019,Barcelona,054,998,2024,4,25,4969,V,4969,V,4969,V,4969,V,4969,V,4969,V,4969,V,4969,V,4969,V,4969,V,4969,V,4969,V,4969,V,4969,V,4969,V,4969,V,4969,V,4969,V,4969,V,4969,V,4969,V,4969,V,4969,V,4969,V
08,Barcelona,019,Barcelona,054,998,2024,4,26,,N,4969,V,4969,V,4969,V,4969,V,4969,V,4969,V,4969,V,4969,V,4969,V,4969,V,4969,V,4969,V,4969,V,4969,V,4969,V,4969,V,4969,V,4969,V,4969,V,4969,V,4969,V,4969,V,4969,V
08,Barcelona,019,Barcelona,054,998,2024,4,27,4969,V,4969,V,4969,V,4969,V,4969,V,4969,V,4969,V,4969,V,4969,V,4969,V,4969,V,4969,V,4969,V,4969,V,4969,V,4969,V,4969,V,4969,V,4969,V,4969,V,4969,V,4969,V,4969,V,4969,V
08,Barcelona,019,Barcelona,054,998,2024,4,28,4969,V,4969,V,4969,V,4969,V,4969,V,4969,V,4969,V,4969,V,4969,V,4969,V,4969,V,4969,V,4969,V,4969,V,,N,,N,,N,,N,,N,,N,,N,,N,,N,,N
08,Barcelona,019,Barcelona,050,7,2024,4,25,1,V,1,V,1,V,1,V,1,V,1,V,1,V,1,V,2,V,2,V,2,V,1,V,1,V,1,V,2,V,1,V,1,V,1,V,1,V,1,V,1,V,1,V,1,V,1,V
08,Barcelona,019,Barcelona,050,7,2024,4,26,1,V,1,V,1,V,1,V,1,V,1,V,2,V,10,V,18,V,16,V,24,V,5,V,2,V,2,V,2,V,2,V,1,V,2,V,1,V,1,V,1,V,1,V,1,V,1,V
08,Barcelona,019,Barcelona,050,7,2024,4,27,1,V,1,V,1,V,1,V,1,V,1,V,1,V,1,V,3,V,2,V,2,V,1,V,1,V,2,V,1,V,1,V,1,V,1,V,1,V,1,V,1,V,1,V,1,V,1,V
08,Barcelona,019,Barcelona,050,7,2024,4,28,1,V,1,V,1,V,1,V,1,V,1,V,1,V,12,V,2,V,1,V,1,V,1,V,1,V,1,V,,N,,N,,N,,N,,N,,N,,N,,N,,N,,N
08,Barcelona,019,Barcelona,043,7,2024,4,25,5,V,2,V,2,V,3,V,2,V,3,V,3,V,11,V,10,V,14,V,12,V,13,V,15,V,11,V,11,V,11,V,10,V,13,V,11,V,8,V,10,V,7,V,5,V,3,V
08,Barcelona,019,Barcelona,043,7,2024,4,26,1,V,1,V,1,V,1,V,2,V,1,V,3,V,11,V,13,V,14,V,28,V,19,V,23,V,14,V,15,V,14,V,16,V,14,V,20,V,15,V,19,V,14,V,8,V,6,V
08,Barcelona,019,Barcelona,043,7,2024,4,27,6,V,3,V,3,V,2,V,1,V,6,V,3,V,5,V,7,V,8,V,4,V,8,V,10,V,15,V,12,V,11,V,10,V,11,V,9,V,10,V,6,V,12,V,16,V,8,V
08,Barcelona,019,Barcelona,043,7,2024,4,28,9,V,7,V,3,V,3,V,4,V,2,V,2,V,3,V,3,V,6,V,6,V,11,V,15,V,13,V,,N,,N,,N,,N,,N,,N,,N,,N,,N,,N
08,Barcelona,019,Barcelona,044,7,2024,4,25,6,V,4,V,2,V,3,V,2,V,2,V,2,V,5,V,15,V,10,V,16,V,20,V,21,V,23,V,13,V,11,V,22,V,22,V,6,V,5,V,6,V,5,V,7,V,4,V
08,Barcelona,019,Barcelona,044,7,2024,4,26,5,V,1,V,1,V,1,V,1,V,2,V,8,V,14,V,33,V,14,V,40,V,22,V,13,V,8,V,5,V,16,V,12,V,6,V,3,V,3,V,3,V,4,V,2,V,1,V
08,Barcelona,019,Barcelona,044,7,2024,4,27,1,V,1,V,1,V,1,V,1,V,1,V,1,V,2,V,2,V,3,V,4,V,6,V,4,V,6,V,4,V,4,V,6,V,5,V,2,V,2,V,1,V,1,V,4,V,2,V
08,Barcelona,019,Barcelona,044,7,2024,4,28,1,V,1,V,1,V,1,V,2,V,1,V,1,V,1,V,1,V,1,V,1,V,2,V,6,V,4,V,,N,,N,,N,,N,,N,,N,,N,,N,,N,,N
08,Barcelona,019,Barcelona,058,7,2024,4,25,1,V,1,V,1,V,1,V,1,V,1,V,1,V,1,V,1,V,1,V,1,V,1,V,1,V,1,V,1,V,1,V,1,V,1,V,1,V,1,V,1,V,1,V,1,V,1,V
08,Barcelona,019,Barcelona,058,7,2024,4,26,1,V,1,V,1,V,1,V,1,V,1,V,1,V,1,V,1,V,6,V,5,V,8,V,3,V,2,V,2,V,2,V,1,V,1,V,1,V,1,V,1,V,1,V,1,V,1,V
08,Barcelona,019,Barcelona,058,7,2024,4,27,1,V,1,V,1,V,1,V,1,V,1,V,1,V,1,V,1,V,1,V,1,V,1,V,1,V,2,V,2,V,2,V,1,V,1,V,1,V,1,V,1,V,1,V,1,V,1,V
08,Barcelona,019,Barcelona,058,7,2024,4,28,1,V,1,V,1,V,1,V,1,V,1,V,1,V,1,V,1,V,1,V,1,V,1,V,2,V,1,V,,N,,N,,N,,N,,N,,N,,N,,N,,N,,N
08,Barcelona,019,Barcelona,057,7,2024,4,25,1,V,1,V,1,V,1,V,1,V,1,V,1,V,1,V,1,V,2,V,1,V,1,V,1,V,1,V,1,V,1,V,1,V,1,V,1,V,1,V,1,V,1,V,1,V,1,V
08,Barcelona,019,Barcelona,057,7,2024,4,26,1,V,1,V,1,V,1,V,1,V,1,V,1,V,15,V,6,V,3,V,3,V,4,V,3,V,1,V,1,V,1,V,1,V,1,V,1,V,1,V,1,V,1,V,1,V,1,V
08,Barcelona,019,Barcelona,057,7,2024,4,27,1,V,1,V,1,V,1,V,1,V,1,V,1,V,1,V,1,V,1,V,1,V,1,V,2,V,1,V,2,V,1,V,1,V,1,V,1,V,1,V,1,V,1,V,1,V,1,V
08,Barcelona,019,Barcelona,057,7,2024,4,28,1,V,1,V,1,V,1,V,1,V,1,V,1,V,1,V,1,V,1,V,1,V,1,V,1,V,1,V,,N,,N,,N,,N,,N,,N,,N,,N,,N,,N
08,Barcelona,019,Barcelona,004,7,2024,4,25,1,V,1,V,1,V,1,V,1,V,1,V,1,V,1,V,2,V,2,V,2,V,2,V,1,V,2,V,1,V,1,V,1,V,1,V,1,V,2,V,1,V,1,V,1,V,1,V
08,Barcelona,019,Barcelona,004,7,2024,4,26,2,V,1,V,1,V,1,V,1,V,1,V,2,V,15,V,29,V,23,V,14,V,9,V,6,V,2,V,1,V,2,V,1,V,1,V,1,V,1,V,1,V,1,V,1,V,1,V
08,Barcelona,019,Barcelona,004,7,2024,4,27,1,V,1,V,1,V,1,V,1,V,1,V,1,V,1,V,1,V,1,V,1,V,1,V,1,V,1,V,7,V,2,V,1,V,1,V,1,V,1,V,1,V,1,V,2,V,1,V
08,Barcelona,019,Barcelona,004,7,2024,4,28,1,V,1,V,1,V,1,V,1,V,1,V,1,V,1,V,1,V,1,V,2,V,1,V,1,V,2,V,,N,,N,,N,,N,,N,,N,,N,,N,,N,,N
08,Barcelona,019,Barcelona,042,7,2024,4,25,1,V,1,V,1,V,1,V,1,V,1,V,1,V,1,V,2,V,2,V,2,V,2,V,3,V,4,V,1,V,1,V,1,V,1,V,1,V,1,V,1,V,1,V,1,V,1,V
08,Barcelona,019,Barcelona,042,7,2024,4,26,1,V,1,V,1,V,1,V,1,V,1,V,1,V,4,V,9,V,6,V,6,V,8,V,3,V,2,V,1,V,1,V,1,V,1,V,1,V,1,V,1,V,1,V,1,V,1,V
08,Barcelona,019,Barcelona,042,7,2024,4,27,1,V,1,V,1,V,1,V,1,V,1,V,1,V,1,V,1,V,1,V,1,V,1,V,3,V,2,V,2,V,1,V,1,V,1,V,1,V,1,V,1,V,1,V,1,V,1,V
08,Barcelona,019,Barcelona,042,7,2024,4,28,1,V,1,V,1,V,1,V,1,V,1,V,1,V,1,V,1,V,1,V,1,V,1,V,1,V,1,V,,N,,N,,N,,N,,N,,N,,N,,N,,N,,N
08,Barcelona,019,Barcelona,054,7,2024,4,25,1,V,1,V,1,V,1,V,1,V,1,V,2,V,5,V,3,V,3,V,2,V,2,V,1,V,1,V,1,V,1,V,1,V,1,V,1,V,1,V,1,V,1,V,1,V,1,V
08,Barcelona,019,Barcelona,054,7,2024,4,26,1,V,1,V,1,V,1,V,1,V,2,V,7,V,19,V,14,V,7,V,13,V,10,V,4,V,2,V,1,V,2,V,2,V,1,V,1,V,2,V,1,V,1,V,1,V,1,V
08,Barcelona,019,Barcelona,054,7,2024,4,27,1,V,1,V,1,V,1,V,1,V,1,V,1,V,1,V,1,V,1,V,1,V,1,V,1,V,2,V,1,V,1,V,1,V,2,V,1,V,1,V,1,V,1,V,1,V,1,V
08,Barcelona,019,Barcelona,054,7,2024,4,28,1,V,1,V,1,V,1,V,1,V,1,V,1,V,1,V,1,V,1,V,1,V,1,V,3,V,1,V,,N,,N,,N,,N,,N,,N,,N,,N,,N,,N
08,Barcelona,019,Barcelona,050,8,2024,4,25,47,V,38,V,28,V,20,V,17,V,14,V,10,V,15,V,14,V,15,V,15,V,13,V,12,V,8,V,8,V,10,V,9,V,10,V,6,V,6,V,6,V,8,V,13,V,18,V
08,Barcelona,019,Barcelona,050,8,2024,4,26,21,V,20,V,20,V,22,V,13,V,13,V,20,V,29,V,44,V,46,V,64,V,25,V,13,V,11,V,10,V,12,V,12,V,11,V,16,V,21,V,15,V,14,V,6,V,6,V
08,Barcelona,019,Barcelona,050,8,2024,4,27,6,V,6,V,5,V,5,V,7,V,6,V,4,V,5,V,11,V,8,V,7,V,6,V,4,V,13,V,9,V,8,V,5,V,8,V,12,V,22,V,32,V,17,V,15,V,7,V
08,Barcelona,019,Barcelona,050,8,2024,4,28,6,V,18,V,23,V,8,V,10,V,8,V,19,V,71,V,29,V,24,V,11,V,11,V,9,V,10,V,,N,,N,,N,,N,,N,,N,,N,,N,,N,,N
08,Barcelona,019,Barcelona,043,8,2024,4,25,50,V,41,V,33,V,28,V,23,V,26,V,26,V,38,V,40,V,40,V,33,V,32,V,28,V,22,V,22,V,22,V,20,V,25,V,26,V,25,V,31,V,34,V,35,V,32,V
08,Barcelona,019,Barcelona,043,8,2024,4,26,23,V,16,V,15,V,13,V,15,V,21,V,40,V,52,V,51,V,36,V,52,V,41,V,45,V,34,V,33,V,32,V,39,V,35,V,50,V,55,V,58,V,66,V,50,V,21,V
08,Barcelona,019,Barcelona,043,8,2024,4,27,23,V,18,V,15,V,12,V,10,V,12,V,11,V,16,V,20,V,24,V,16,V,21,V,22,V,52,V,47,V,48,V,41,V,37,V,33,V,49,V,31,V,41,V,70,V,39,V
08,Barcelona,019,Barcelona,043,8,2024,4,28,50,V,41,V,32,V,27,V,27,V,19,V,13,V,17,V,22,V,24,V,32,V,40,V,52,V,53,V,,N,,N,,N,,N,,N,,N,,N,,N,,N,,N
08,Barcelona,019,Barcelona,044,8,2024,4,25,43,V,33,V,27,V,26,V,17,V,16,V,24,V,26,V,40,V,30,V,38,V,45,V,43,V,42,V,25,V,25,V,44,V,39,V,21,V,19,V,27,V,27,V,35,V,31,V
08,Barcelona,019,Barcelona,044,8,2024,4,26,30,V,23,V,15,V,13,V,13,V,21,V,35,V,45,V,61,V,43,V,59,V,51,V,37,V,26,V,19,V,37,V,35,V,24,V,23,V,39,V,37,V,57,V,31,V,12,V
08,Barcelona,019,Barcelona,044,8,2024,4,27,12,V,11,V,9,V,7,V,6,V,7,V,6,V,8,V,13,V,17,V,19,V,19,V,15,V,26,V,21,V,27,V,41,V,31,V,21,V,34,V,19,V,19,V,51,V,24,V
08,Barcelona,019,Barcelona,044,8,2024,4,28,21,V,30,V,23,V,13,V,15,V,12,V,7,V,10,V,12,V,10,V,19,V,27,V,32,V,24,V,,N,,N,,N,,N,,N,,N,,N,,N,,N,,N
08,Barcelona,019,Barcelona,058,8,2024,4,25,23,V,15,V,13,V,11,V,5,V,5,V,6,V,9,V,11,V,12,V,10,V,9,V,5,V,5,V,5,V,4,V,4,V,6,V,12,V,7,V,8,V,12,V,10,V,4,V
08,Barcelona,019,Barcelona,058,8,2024,4,26,12,V,6,V,2,V,2,V,6,V,6,V,2,V,2,V,3,V,17,V,17,V,35,V,14,V,9,V,7,V,7,V,7,V,6,V,6,V,14,V,17,V,16,V,13,V,8,V
08,Barcelona,019,Barcelona,058,8,2024,4,27,5,V,5,V,5,V,3,V,2,V,3,V,2,V,3,V,3,V,4,V,3,V,5,V,5,V,16,V,21,V,18,V,6,V,7,V,10,V,10,V,8,V,8,V,14,V,14,V
08,Barcelona,019,Barcelona,058,8,2024,4,28,14,V,8,V,4,V,3,V,9,V,8,V,3,V,3,V,5,V,5,V,6,V,15,V,10,V,14,V,,N,,N,,N,,N,,N,,N,,N,,N,,N,,N
08,Barcelona,019,Barcelona,057,8,2024,4,25,25,V,25,V,19,V,14,V,10,V,7,V,13,V,21,V,23,V,16,V,12,V,11,V,9,V,6,V,6,V,6,V,5,V,6,V,7,V,8,V,10,V,14,V,21,V,16,V
08,Barcelona,019,Barcelona,057,8,2024,4,26,9,V,9,V,7,V,6,V,5,V,8,V,24,V,51,V,30,V,19,V,13,V,18,V,14,V,9,V,9,V,8,V,7,V,7,V,7,V,11,V,11,V,10,V,12,V,20,V
08,Barcelona,019,Barcelona,057,8,2024,4,27,6,V,6,V,5,V,4,V,4,V,4,V,3,V,5,V,8,V,13,V,17,V,12,V,15,V,16,V,17,V,10,V,6,V,9,V,13,V,15,V,11,V,12,V,14,V,16,V
08,Barcelona,019,Barcelona,057,8,2024,4,28,13,V,13,V,11,V,7,V,17,V,9,V,5,V,7,V,10,V,8,V,10,V,15,V,7,V,10,V,,N,,N,,N,,N,,N,,N,,N,,N,,N,,N
08,Barcelona,019,Barcelona,004,8,2024,4,25,36,V,36,V,27,V,21,V,15,V,13,V,16,V,19,V,16,V,16,V,12,V,11,V,9,V,6,V,7,V,7,V,8,V,7,V,7,V,8,V,7,V,8,V,16,V,21,V
08,Barcelona,019,Barcelona,004,8,2024,4,26,24,V,22,V,21,V,22,V,21,V,24,V,32,V,41,V,45,V,46,V,43,V,32,V,20,V,13,V,11,V,11,V,8,V,11,V,13,V,17,V,12,V,16,V,13,V,8,V
08,Barcelona,019,Barcelona,004,8,2024,4,27,11,V,8,V,12,V,7,V,4,V,8,V,6,V,5,V,7,V,8,V,8,V,9,V,9,V,14,V,13,V,10,V,9,V,9,V,11,V,22,V,18,V,16,V,22,V,9,V
08,Barcelona,019,Barcelona,004,8,2024,4,28,9,V,8,V,8,V,7,V,11,V,6,V,12,V,16,V,17,V,22,V,19,V,10,V,7,V,10,V,,N,,N,,N,,N,,N,,N,,N,,N,,N,,N
08,Barcelona,019,Barcelona,042,8,2024,4,25,31,V,32,V,24,V,17,V,13,V,11,V,15,V,19,V,26,V,19,V,15,V,12,V,13,V,14,V,8,V,6,V,7,V,8,V,7,V,10,V,12,V,17,V,19,V,22,V
08,Barcelona,019,Barcelona,042,8,2024,4,26,14,V,11,V,8,V,8,V,7,V,11,V,21,V,42,V,44,V,26,V,19,V,25,V,16,V,10,V,8,V,9,V,10,V,8,V,11,V,24,V,12,V,15,V,16,V,26,V
08,Barcelona,019,Barcelona,042,8,2024,4,27,10,V,8,V,6,V,6,V,7,V,5,V,5,V,8,V,9,V,14,V,21,V,15,V,26,V,22,V,23,V,11,V,10,V,15,V,19,V,25,V,9,V,13,V,29,V,22,V
08,Barcelona,019,Barcelona,042,8,2024,4,28,18,V,16,V,17,V,10,V,23,V,11,V,8,V,12,V,10,V,8,V,8,V,17,V,14,V,14,V,,N,,N,,N,,N,,N,,N,,N,,N,,N,,N
08,Barcelona,019,Barcelona,054,8,2024,4,25,28,V,24,V,18,V,13,V,9,V,13,V,23,V,39,V,29,V,24,V,21,V,16,V,8,V,6,V,6,V,9,V,8,V,10,V,11,V,12,V,17,V,23,V,21,V,17,V
08,Barcelona,019,Barcelona,054,8,2024,4,26,17,V,18,V,17,V,10,V,13,V,29,V,41,V,56,V,45,V,28,V,40,V,39,V,19,V,11,V,8,V,11,V,12,V,12,V,14,V,27,V,26,V,29,V,12,V,6,V
08,Barcelona,019,Barcelona,054,8,2024,4,27,8,V,7,V,7,V,6,V,4,V,5,V,7,V,8,V,10,V,7,V,6,V,6,V,6,V,12,V,11,V,9,V,14,V,23,V,9,V,20,V,11,V,10,V,18,V,11,V
08,Barcelona,019,Barcelona,054,8,2024,4,28,8,V,19,V,12,V,12,V,10,V,9,V,6,V,7,V,9,V,6,V,9,V,26,V,18,V,8,V,,N,,N,,N,,N,,N,,N,,N,,N,,N,,N
08,Barcelona,019,Barcelona,050,12,2024,4,25,47,V,38,V,29,V,20,V,17,V,14,V,10,V,16,V,17,V,18,V,18,V,15,V,13,V,9,V,10,V,12,V,11,V,11,V,6,V,6,V,6,V,7,V,14,V,18,V
08,Barcelona,019,Barcelona,050,12,2024,4,26,21,V,21,V,21,V,22,V,13,V,14,V,21,V,44,V,70,V,70,V,101,V,33,V,15,V,13,V,13,V,15,V,13,V,13,V,17,V,21,V,15,V,14,V,6,V,6,V
08,Barcelona,019,Barcelona,050,12,2024,4,27,6,V,6,V,5,V,5,V,7,V,6,V,4,V,5,V,14,V,9,V,8,V,6,V,5,V,15,V,10,V,8,V,6,V,8,V,13,V,23,V,32,V,17,V,15,V,7,V
08,Barcelona,019,Barcelona,050,12,2024,4,28,7,V,18,V,22,V,8,V,10,V,8,V,20,V,88,V,31,V,25,V,11,V,12,V,10,V,10,V,,N,,N,,N,,N,,N,,N,,N,,N,,N,,N
08,Barcelona,019,Barcelona,044,12,2024,4,25,52,V,38,V,30,V,30,V,20,V,20,V,27,V,34,V,63,V,44,V,63,V,75,V,74,V,77,V,44,V,42,V,77,V,72,V,30,V,26,V,36,V,35,V,45,V,38,V
08,Barcelona,019,Barcelona,044,12,2024,4,26,37,V,24,V,16,V,14,V,14,V,25,V,47,V,67,V,112,V,65,V,120,V,84,V,57,V,39,V,27,V,61,V,53,V,32,V,27,V,42,V,42,V,62,V,34,V,13,V
08,Barcelona,019,Barcelona,044,12,2024,4,27,14,V,13,V,11,V,9,V,7,V,8,V,7,V,11,V,16,V,22,V,25,V,28,V,21,V,34,V,28,V,34,V,50,V,38,V,24,V,37,V,21,V,20,V,57,V,27,V
08,Barcelona,019,Barcelona,044,12,2024,4,28,23,V,31,V,25,V,15,V,17,V,14,V,8,V,11,V,13,V,11,V,21,V,30,V,41,V,31,V,,N,,N,,N,,N,,N,,N,,N,,N,,N,,N
08,Barcelona,019,Barcelona,058,12,2024,4,25,25,V,16,V,15,V,11,V,6,V,5,V,7,V,10,V,12,V,14,V,12,V,10,V,7,V,7,V,6,V,5,V,5,V,8,V,13,V,8,V,9,V,13,V,11,V,5,V
08,Barcelona,019,Barcelona,058,12,2024,4,26,13,V,7,V,2,V,2,V,7,V,7,V,3,V,3,V,5,V,26,V,24,V,48,V,19,V,12,V,10,V,9,V,9,V,7,V,7,V,15,V,18,V,17,V,14,V,9,V
08,Barcelona,019,Barcelona,058,12,2024,4,27,5,V,6,V,5,V,4,V,3,V,4,V,3,V,4,V,4,V,5,V,4,V,6,V,7,V,19,V,25,V,20,V,7,V,9,V,11,V,11,V,9,V,9,V,15,V,15,V
08,Barcelona,019,Barcelona,058,12,2024,4,28,15,V,9,V,5,V,4,V,10,V,8,V,3,V,4,V,6,V,6,V,7,V,17,V,13,V,17,V,,N,,N,,N,,N,,N,,N,,N,,N,,N,,N
08,Barcelona,019,Barcelona,057,12,2024,4,25,25,V,25,V,19,V,14,V,10,V,7,V,13,V,22,V,24,V,18,V,14,V,12,V,10,V,7,V,6,V,6,V,6,V,7,V,7,V,8,V,10,V,14,V,21,V,16,V
08,Barcelona,019,Barcelona,057,12,2024,4,26,9,V,9,V,7,V,6,V,5,V,8,V,25,V,74,V,38,V,24,V,17,V,24,V,18,V,11,V,11,V,10,V,9,V,8,V,8,V,11,V,10,V,10,V,12,V,20,V
08,Barcelona,019,Barcelona,057,12,2024,4,27,5,V,6,V,4,V,4,V,4,V,4,V,4,V,5,V,8,V,13,V,18,V,13,V,18,V,18,V,20,V,10,V,6,V,10,V,14,V,15,V,10,V,12,V,14,V,16,V
08,Barcelona,019,Barcelona,057,12,2024,4,28,11,V,13,V,11,V,7,V,17,V,9,V,5,V,7,V,10,V,8,V,10,V,16,V,8,V,11,V,,N,,N,,N,,N,,N,,N,,N,,N,,N,,N
08,Barcelona,019,Barcelona,004,12,2024,4,25,36,V,36,V,27,V,21,V,14,V,14,V,16,V,21,V,18,V,19,V,15,V,14,V,11,V,9,V,9,V,9,V,10,V,9,V,9,V,10,V,8,V,8,V,16,V,21,V
08,Barcelona,019,Barcelona,004,12,2024,4,26,26,V,23,V,22,V,22,V,21,V,25,V,34,V,64,V,89,V,82,V,65,V,45,V,28,V,16,V,13,V,13,V,9,V,12,V,15,V,18,V,12,V,16,V,13,V,8,V
08,Barcelona,019,Barcelona,004,12,2024,4,27,10,V,8,V,12,V,7,V,4,V,8,V,6,V,6,V,8,V,9,V,9,V,10,V,10,V,16,V,23,V,13,V,10,V,11,V,12,V,23,V,19,V,16,V,24,V,9,V
08,Barcelona,019,Barcelona,004,12,2024,4,28,9,V,9,V,8,V,7,V,12,V,7,V,12,V,17,V,18,V,23,V,21,V,11,V,9,V,14,V,,N,,N,,N,,N,,N,,N,,N,,N,,N,,N
08,Barcelona,019,Barcelona,042,12,2024,4,25,31,V,33,V,25,V,17,V,13,V,12,V,16,V,19,V,29,V,22,V,18,V,15,V,17,V,20,V,9,V,8,V,9,V,9,V,8,V,10,V,13,V,17,V,19,V,22,V
08,Barcelona,019,Barcelona,042,12,2024,4,26,14,V,11,V,8,V,8,V,6,V,10,V,21,V,48,V,58,V,35,V,27,V,36,V,21,V,13,V,9,V,11,V,13,V,9,V,11,V,25,V,12,V,15,V,16,V,26,V
08,Barcelona,019,Barcelona,042,12,2024,4,27,9,V,7,V,5,V,6,V,6,V,5,V,5,V,8,V,9,V,14,V,22,V,16,V,31,V,24,V,25,V,13,V,10,V,17,V,20,V,26,V,9,V,13,V,29,V,21,V
08,Barcelona,019,Barcelona,042,12,2024,4,28,17,V,15,V,17,V,9,V,23,V,10,V,8,V,12,V,10,V,9,V,8,V,18,V,15,V,15,V,,N,,N,,N,,N,,N,,N,,N,,N,,N,,N
08,Barcelona,019,Barcelona,054,12,2024,4,25,29,V,25,V,19,V,13,V,9,V,14,V,26,V,47,V,33,V,29,V,24,V,19,V,10,V,7,V,7,V,10,V,8,V,11,V,12,V,12,V,18,V,24,V,22,V,17,V
08,Barcelona,019,Barcelona,054,12,2024,4,26,18,V,18,V,17,V,11,V,13,V,31,V,52,V,85,V,66,V,38,V,60,V,55,V,25,V,13,V,10,V,13,V,15,V,14,V,16,V,29,V,26,V,29,V,12,V,7,V
08,Barcelona,019,Barcelona,054,12,2024,4,27,8,V,7,V,7,V,6,V,4,V,5,V,7,V,8,V,10,V,7,V,6,V,6,V,7,V,14,V,12,V,10,V,15,V,26,V,9,V,20,V,12,V,11,V,19,V,11,V
08,Barcelona,019,Barcelona,054,12,2024,4,28,8,V,20,V,12,V,12,V,10,V,9,V,6,V,7,V,10,V,6,V,10,V,28,V,22,V,9,V,,N,,N,,N,,N,,N,,N,,N,,N,,N,,N
08,Barcelona,019,Barcelona,050,14,2024,4,25,40,V,42,V,53,V,68,V,75,V,84,V,95,V,83,V,86,V,84,V,80,V,82,V,85,V,89,V,91,V,88,V,87,V,86,V,91,V,91,V,90,V,87,V,77,V,71,V
08,Barcelona,019,Barcelona,050,14,2024,4,26,58,V,33,V,24,V,22,V,43,V,31,V,16,V,6,V,11,V,22,V,32,V,68,V,88,V,94,V,92,V,91,V,97,V,103,V,96,V,89,V,89,V,87,V,93,V,93,V
08,Barcelona,019,Barcelona,050,14,2024,4,27,93,V,93,V,92,V,90,V,87,V,91,V,95,V,93,V,89,V,98,V,104,V,105,V,100,V,97,V,114,V,105,V,99,V,98,V,97,V,81,V,66,V,72,V,68,V,76,V
08,Barcelona,019,Barcelona,050,14,2024,4,28,71,V,42,V,32,V,48,V,58,V,69,V,60,V,23,V,54,V,59,V,70,V,73,V,77,V,79,V,,N,,N,,N,,N,,N,,N,,N,,N,,N,,N
08,Barcelona,019,Barcelona,043,14,2024,4,25,48,V,48,V,55,V,63,V,68,V,66,V,75,V,66,V,65,V,68,V,68,V,70,V,75,V,80,V,82,V,82,V,83,V,78,V,75,V,78,V,72,V,67,V,63,V,60,V
08,Barcelona,019,Barcelona,043,14,2024,4,26,64,V,64,V,66,V,68,V,68,V,53,V,34,V,22,V,30,V,46,V,38,V,57,V,73,V,78,V,80,V,84,V,83,V,88,V,76,V,71,V,62,V,52,V,65,V,94,V
08,Barcelona,019,Barcelona,043,14,2024,4,27,89,V,91,V,90,V,93,V,94,V,94,V,96,V,89,V,90,V,91,V,101,V,98,V,92,V,67,V,85,V,75,V,71,V,73,V,84,V,62,V,70,V,62,V,35,V,58,V
08,Barcelona,019,Barcelona,043,14,2024,4,28,46,V,47,V,46,V,51,V,58,V,64,V,70,V,71,V,68,V,68,V,65,V,61,V,53,V,54,V,,N,,N,,N,,N,,N,,N,,N,,N,,N,,N
08,Barcelona,019,Barcelona,044,14,2024,4,25,51,V,59,V,64,V,65,V,76,V,77,V,72,V,75,V,65,V,75,V,63,V,61,V,64,V,67,V,81,V,81,V,68,V,68,V,80,V,81,V,74,V,73,V,60,V,61,V
08,Barcelona,019,Barcelona,044,14,2024,4,26,56,V,64,V,73,V,73,V,74,V,61,V,40,V,29,V,22,V,43,V,34,V,52,V,78,V,86,V,93,V,86,V,86,V,98,V,96,V,85,V,76,V,57,V,82,V,100,V
08,Barcelona,019,Barcelona,044,14,2024,4,27,96,V,94,V,95,V,96,V,96,V,96,V,99,V,96,V,92,V,94,V,97,V,100,V,95,V,88,V,108,V,92,V,68,V,76,V,94,V,74,V,82,V,80,V,46,V,68,V
08,Barcelona,019,Barcelona,044,14,2024,4,28,71,V,56,V,58,V,69,V,67,V,72,V,76,V,80,V,81,V,83,V,78,V,72,V,68,V,76,V,,N,,N,,N,,N,,N,,N,,N,,N,,N,,N
08,Barcelona,019,Barcelona,058,14,2024,4,25,60,V,67,V,71,V,74,V,82,V,85,V,82,V,80,V,73,V,73,V,67,V,69,V,74,V,74,V,73,V,73,V,74,V,71,V,66,V,65,V,66,V,64,V,65,V,88,V
08,Barcelona,019,Barcelona,058,14,2024,4,26,85,V,75,V,80,V,81,V,89,V,84,V,90,V,80,V,65,V,44,V,47,V,38,V,81,V,89,V,91,V,95,V,98,V,105,V,105,V,84,V,79,V,80,V,82,V,83,V
08,Barcelona,019,Barcelona,058,14,2024,4,27,78,V,73,V,72,V,72,V,73,V,74,V,77,V,78,V,87,V,88,V,90,V,85,V,89,V,80,V,89,V,84,V,87,V,84,V,85,V,90,V,88,V,82,V,65,V,60,V
08,Barcelona,019,Barcelona,058,14,2024,4,28,58,V,68,V,80,V,66,V,52,V,66,V,80,V,77,V,82,V,82,V,80,V,62,V,69,V,64,V,,N,,N,,N,,N,,N,,N,,N,,N,,N,,N
08,Barcelona,019,Barcelona,057,14,2024,4,25,63,V,59,V,71,V,82,V,89,V,93,V,84,V,76,V,76,V,86,V,83,V,84,V,89,V,93,V,94,V,94,V,95,V,92,V,92,V,91,V,89,V,82,V,68,V,72,V
08,Barcelona,019,Barcelona,057,14,2024,4,26,68,V,59,V,54,V,60,V,67,V,46,V,30,V,6,V,34,V,51,V,64,V,72,V,90,V,97,V,99,V,103,V,105,V,110,V,113,V,107,V,105,V,104,V,100,V,90,V
08,Barcelona,019,Barcelona,057,14,2024,4,27,106,V,103,V,101,V,102,V,102,V,104,V,106,V,100,V,101,V,100,V,97,V,101,V,87,V,95,V,108,V,108,V,101,V,95,V,96,V,90,V,90,V,89,V,82,V,76,V
08,Barcelona,019,Barcelona,057,14,2024,4,28,80,V,64,V,62,V,58,V,54,V,78,V,78,V,82,V,82,V,86,V,87,V,82,V,90,V,90,V,,N,,N,,N,,N,,N,,N,,N,,N,,N,,N
08,Barcelona,019,Barcelona,054,14,2024,4,25,59,V,64,V,72,V,78,V,85,V,82,V,72,V,58,V,71,V,78,V,75,V,83,V,93,V,97,V,98,V,97,V,97,V,93,V,92,V,92,V,86,V,76,V,70,V,68,V
08,Barcelona,019,Barcelona,054,14,2024,4,26,63,V,49,V,44,V,46,V,51,V,31,V,23,V,15,V,30,V,52,V,49,V,61,V,92,V,102,V,106,V,105,V,106,V,110,V,110,V,96,V,94,V,84,V,104,V,108,V
08,Barcelona,019,Barcelona,054,14,2024,4,27,105,V,103,V,102,V,103,V,106,V,106,V,102,V,100,V,101,V,108,V,114,V,114,V,112,V,104,V,122,V,112,V,98,V,87,V,107,V,90,V,92,V,89,V,80,V,87,V
08,Barcelona,019,Barcelona,054,14,2024,4,28,85,V,70,V,73,V,67,V,75,V,79,V,81,V,81,V,85,V,90,V,88,V,75,V,86,V,93,V,,N,,N,,N,,N,,N,,N,,N,,N,,N,,N
08,Barcelona,019,Barcelona,043,10,2024,4,25,25,V,21,V,21,V,18,V,17,V,15,V,14,V,16,V,16,V,16,V,14,V,16,V,14,V,12,V,12,V,13,V,13,V,15,V,16,V,15,V,16,V,15,V,18,V,17,V
08,Barcelona,019,Barcelona,043,10,2024,4,26,12,V,11,V,10,V,11,V,10,V,8,V,13,V,17,V,20,V,20,V,22,V,20,V,19,V,15,V,12,V,12,V,14,V,13,V,16,V,12,V,12,V,14,V,13,V,11,V
08,Barcelona,019,Barcelona,043,10,2024,4,27,13,V,13,V,12,V,14,V,17,V,16,V,15,V,18,V,19,V,23,V,22,V,25,V,25,V,28,V,24,V,22,V,22,V,23,V,25,V,27,V,27,V,29,V,33,V,28,V
08,Barcelona,019,Barcelona,043,10,2024,4,28,26,V,21,V,19,V,20,V,23,V,26,V,23,V,20,V,23,V,22,V,11,V,12,V,15,V,18,V,,N,,N,,N,,N,,N,,N,,N,,N,,N,,N
08,Barcelona,019,Barcelona,044,10,2024,4,25,,N,,N,,N,,N,,N,,N,,N,,N,,N,,N,,N,,N,,N,,N,,N,,N,,N,,N,,N,,N,,N,,N,,N,,N
08,Barcelona,019,Barcelona,044,10,2024,4,26,,N,,N,,N,,N,,N,,N,,N,,N,,N,,N,,N,,N,,N,,N,,N,,N,,N,,N,,N,,N,,N,,N,,N,,N
08,Barcelona,019,Barcelona,044,10,2024,4,27,,N,,N,,N,,N,,N,,N,,N,,N,,N,,N,,N,,N,,N,,N,,N,,N,,N,,N,,N,,N,,N,,N,,N,,N
08,Barcelona,019,Barcelona,044,10,2024,4,28,,N,,N,,N,,N,,N,,N,,N,,N,,N,,N,,N,,N,,N,,N,,N,,N,,N,,N,,N,,N,,N,,N,,N,,N
08,Barcelona,019,Barcelona,058,10,2024,4,25,24,V,20,V,18,V,16,V,14,V,12,V,12,V,12,V,12,V,13,V,11,V,11,V,10,V,10,V,10,V,9,V,10,V,11,V,12,V,12,V,13,V,16,V,13,V,11,V
08,Barcelona,019,Barcelona,058,10,2024,4,26,11,V,12,V,9,V,8,V,11,V,10,V,8,V,8,V,9,V,13,V,16,V,19,V,16,V,12,V,11,V,15,V,17,V,13,V,12,V,13,V,11,V,11,V,10,V,12,V
08,Barcelona,019,Barcelona,058,10,2024,4,27,13,V,12,V,8,V,6,V,6,V,5,V,5,V,6,V,8,V,7,V,9,V,16,V,21,V,25,V,23,V,19,V,21,V,22,V,23,V,21,V,22,V,25,V,23,V,13,V
08,Barcelona,019,Barcelona,058,10,2024,4,28,7,V,5,V,13,V,11,V,12,V,4,V,6,V,8,V,7,V,6,V,7,V,8,V,5,V,12,V,,N,,N,,N,,N,,N,,N,,N,,N,,N,,N
08,Barcelona,019,Barcelona,057,10,2024,4,25,2,V,2,V,2,V,1,V,1,V,1,V,1,V,1,V,1,V,1,V,1,V,1,V,1,V,1,V,1,V,1,V,1,V,1,V,1,V,1,V,1,V,1,V,1,V,1,V
08,Barcelona,019,Barcelona,057,10,2024,4,26,1,V,1,V,1,V,1,V,1,V,1,V,2,V,3,V,3,V,2,V,2,V,3,V,2,V,1,V,1,V,1,V,1,V,1,V,1,V,1,V,1,V,1,V,1,V,1,V
08,Barcelona,019,Barcelona,057,10,2024,4,27,1,V,1,V,1,V,1,V,1,V,1,V,1,V,1,V,1,V,1,V,2,V,2,V,2,V,3,V,2,V,2,V,2,V,2,V,2,V,2,V,2,V,2,V,2,V,2,V
08,Barcelona,019,Barcelona,057,10,2024,4,28,2,V,2,V,2,V,1,V,2,V,2,V,2,V,1,V,1,V,1,V,1,V,1,V,1,V,1,V,,N,,N,,N,,N,,N,,N,,N,,N,,N,,N
08,Barcelona,019,Barcelona,004,10,2024,4,25,22,V,23,V,20,V,18,V,17,V,15,V,16,V,15,V,15,V,16,V,13,V,13,V,12,V,16,V,15,V,14,V,14,V,16,V,16,V,16,V,15,V,15,V,15,V,15,V
08,Barcelona,019,Barcelona,004,10,2024,4,26,17,V,17,V,16,V,15,V,17,V,13,V,14,V,20,V,25,V,22,V,21,V,21,V,19,V,15,V,7,V,12,V,20,V,21,V,19,V,15,V,13,V,13,V,12,V,10,V
08,Barcelona,019,Barcelona,004,10,2024,4,27,13,V,16,V,13,V,17,V,18,V,18,V,20,V,21,V,25,V,28,V,30,V,31,V,33,V,34,V,34,V,27,V,27,V,29,V,32,V,35,V,33,V,35,V,36,V,28,V
08,Barcelona,019,Barcelona,004,10,2024,4,28,26,V,21,V,35,V,24,V,22,V,21,V,22,V,17,V,20,V,21,V,13,V,11,V,12,V,16,V,,N,,N,,N,,N,,N,,N,,N,,N,,N,,N
08,Barcelona,019,Barcelona,054,10,2024,4,25,23,V,21,V,18,V,16,V,15,V,16,V,18,V,20,V,18,V,16,V,14,V,14,V,13,V,12,V,12,V,12,V,13,V,14,V,15,V,16,V,16,V,18,V,16,V,15,V
08,Barcelona,019,Barcelona,054,10,2024,4,26,17,V,14,V,12,V,9,V,10,V,11,V,15,V,24,V,16,V,16,V,23,V,22,V,20,V,11,V,12,V,21,V,20,V,16,V,14,V,14,V,14,V,14,V,13,V,12,V
08,Barcelona,019,Barcelona,054,10,2024,4,27,15,V,16,V,15,V,17,V,18,V,18,V,19,V,21,V,23,V,24,V,25,V,29,V,28,V,33,V,29,V,25,V,28,V,31,V,32,V,29,V,26,V,33,V,38,V,34,V
08,Barcelona,019,Barcelona,054,10,2024,4,28,30,V,23,V,20,V,22,V,26,V,26,V,24,V,18,V,20,V,22,V,10,V,10,V,9,V,15,V,,N,,N,,N,,N,,N,,N,,N,,N,,N,,N
08,Barcelona,019,Barcelona,057,9,2024,4,25,2,V,2,V,1,V,1,V,1,V,1,V,1,V,1,V,1,V,1,V,1,V,1,V,1,V,1,V,1,V,1,V,1,V,1,V,1,V,1,V,1,V,1,V,1,V,1,V
08,Barcelona,019,Barcelona,057,9,2024,4,26,1,V,1,V,1,V,1,V,1,V,1,V,2,V,3,V,3,V,2,V,2,V,3,V,2,V,1,V,1,V,1,V,1,V,1,V,1,V,1,V,1,V,1,V,1,V,1,V
08,Barcelona,019,Barcelona,057,9,2024,4,27,1,V,1,V,1,V,1,V,1,V,1,V,1,V,1,V,1,V,1,V,1,V,2,V,2,V,2,V,2,V,2,V,2,V,2,V,2,V,2,V,1,V,2,V,2,V,2,V
08,Barcelona,019,Barcelona,057,9,2024,4,28,2,V,2,V,2,V,1,V,2,V,2,V,2,V,1,V,1,V,1,V,1,V,1,V,1,V,1,V,,N,,N,,N,,N,,N,,N,,N,,N,,N,,N
08,Barcelona,019,Barcelona,043,901,2024,4,25,0,V,0,V,0,V,0,V,0,V,0,V,0,V,0,V,0,V,0,V,0,V,0,V,0,V,0,V,0,V,0,V,0,V,0,V,0,V,0,V,0,V,0,V,0,V,0,V
08,Barcelona,019,Barcelona,043,901,2024,4,26,820,V,0,V,0,V,0,V,0,V,0,V,0,V,0,V,0,V,0,V,0,V,0,V,0,V,0,V,0,V,0,V,0,V,0,V,0,V,0,V,0,V,0,V,0,V,0,V
08,Barcelona,019,Barcelona,043,901,2024,4,27,0,V,0,V,0,V,0,V,0,V,0,V,0,V,0,V,0,V,0,V,0,V,0,V,0,V,0,V,0,V,0,V,0,V,0,V,0,V,0,V,0,V,0,V,0,V,0,V
08,Barcelona,019,Barcelona,043,901,2024,4,28,0,V,0,V,0,V,0,V,0,V,0,V,0,V,0,V,0,V,0,V,0,V,0,V,0,V,0,V,,N,,N,,N,,N,,N,,N,,N,,N,,N,,N
08,Barcelona,019,Barcelona,054,901,2024,4,25,0,V,0,V,0,V,0,V,0,V,0,V,0,V,0,V,0,V,0,V,0,V,0,V,0,V,0,V,0,V,0,V,0,V,0,V,0,V,0,V,0,V,0,V,0,V,29,V
08,Barcelona,019,Barcelona,054,901,2024,4,26,785,V,0,V,0,V,0,V,0,V,0,V,0,V,0,V,0,V,0,V,0,V,0,V,0,V,0,V,0,V,0,V,0,V,0,V,0,V,0,V,0,V,0,V,0,V,0,V
08,Barcelona,019,Barcelona,054,901,2024,4,27,0,V,0,V,0,V,0,V,0,V,0,V,0,V,0,V,0,V,0,V,0,V,0,V,0,V,0,V,0,V,0,V,0,V,0,V,0,V,0,V,0,V,0,V,0,V,0,V
08,Barcelona,019,Barcelona,054,901,2024,4,28,0,V,0,V,0,V,0,V,0,V,0,V,0,V,0,V,0,V,0,V,0,V,0,V,0,V,0,V,,N,,N,,N,,N,,N,,N,,N,,N,,N,,N
08,Barcelona,019,Barcelona,043,1,2024,4,25,1,V,1,V,1,V,1,V,1,V,1,V,1,V,1,V,1,V,1,V,1,V,1,V,1,V,1,V,1,V,1,V,1,V,1,V,1,V,1,V,1,V,1,V,1,V,1,V
08,Barcelona,019,Barcelona,043,1,2024,4,26,1,V,1,V,1,V,1,V,1,V,1,V,1,V,1,V,1,V,1,V,1,V,1,V,1,V,1,V,1,V,1,V,1,V,1,V,1,V,1,V,1,V,1,V,1,V,1,V
08,Barcelona,019,Barcelona,043,1,2024,4,27,1,V,1,V,1,V,1,V,1,V,1,V,1,V,1,V,1,V,1,V,1,V,1,V,1,V,1,V,1,V,1,V,1,V,1,V,1,V,1,V,1,V,1,V,1,V,1,V
08,Barcelona,019,Barcelona,043,1,2024,4,28,1,V,1,V,1,V,1,V,1,V,1,V,1,V,1,V,1,V,1,V,1,V,1,V,1,V,1,V,,N,,N,,N,,N,,N,,N,,N,,N,,N,,N
08,Barcelona,019,Barcelona,044,1,2024,4,25,2,V,2,V,2,V,2,V,2,V,2,V,2,V,2,V,2,V,2,V,2,V,2,V,2,V,2,V,2,V,2,V,2,V,2,V,2,V,2,V,2,V,2,V,2,V,2,V
08,Barcelona,019,Barcelona,044,1,2024,4,26,2,V,2,V,2,V,2,V,2,V,2,V,2,V,2,V,2,V,2,V,2,V,2,V,3,V,2,V,2,V,2,V,2,V,2,V,2,V,2,V,2,V,2,V,2,V,2,V
08,Barcelona,019,Barcelona,044,1,2024,4,27,2,V,2,V,1,V,2,V,2,V,2,V,2,V,2,V,1,V,1,V,2,V,2,V,1,V,2,V,2,V,2,V,2,V,2,V,2,V,2,V,1,V,1,V,2,V,2,V
08,Barcelona,019,Barcelona,044,1,2024,4,28,1,V,2,V,2,V,1,V,1,V,1,V,2,V,1,V,1,V,2,V,2,V,1,V,2,V,1,V,,N,,N,,N,,N,,N,,N,,N,,N,,N,,N
08,Barcelona,019,Barcelona,057,1,2024,4,25,2,V,2,V,2,V,2,V,2,V,2,V,2,V,2,V,2,V,2,V,2,V,2,V,2,V,2,V,2,V,2,V,2,V,1,V,2,V,2,V,2,V,2,V,2,V,2,V
08,Barcelona,019,Barcelona,057,1,2024,4,26,2,V,2,V,2,V,2,V,2,V,2,V,2,V,2,V,2,V,2,V,2,V,3,V,3,V,2,V,2,V,2,V,2,V,2,V,2,V,2,V,2,V,2,V,2,V,2,V
08,Barcelona,019,Barcelona,057,1,2024,4,27,2,V,2,V,2,V,2,V,2,V,2,V,2,V,2,V,2,V,2,V,2,V,2,V,2,V,2,V,2,V,2,V,2,V,2,V,2,V,2,V,2,V,2,V,2,V,2,V
08,Barcelona,019,Barcelona,057,1,2024,4,28,2,V,2,V,2,V,2,V,2,V,2,V,2,V,2,V,2,V,2,V,2,V,2,V,2,V,2,V,,N,,N,,N,,N,,N,,N,,N,,N,,N,,N
08,Barcelona,019,Barcelona,054,1,2024,4,25,1,V,1,V,1,V,1,V,1,V,1,V,1,V,1,V,1,V,1,V,1,V,1,V,1,V,1,V,1,V,1,V,1,V,1,V,1,V,1,V,1,V,1,V,1,V,1,V
08,Barcelona,019,Barcelona,054,1,2024,4,26,1,V,1,V,1,V,1,V,1,V,1,V,1,V,1,V,1,V,1,V,1,V,1,V,1,V,1,V,1,V,1,V,1,V,1,V,1,V,1,V,1,V,1,V,1,V,1,V
08,Barcelona,019,Barcelona,054,1,2024,4,27,1,V,1,V,1,V,1,V,1,V,1,V,1,V,1,V,1,V,1,V,1,V,1,V,1,V,1,V,1,V,1,V,1,V,1,V,1,V,1,V,1,V,1,V,1,V,1,V
08,Barcelona,019,Barcelona,054,1,2024,4,28,1,V,1,V,1,V,1,V,1,V,1,V,1,V,1,V,1,V,1,V,1,V,1,V,1,V,1,V,,N,,N,,N,,N,,N,,N,,N,,N,,N,,N
08,Barcelona,019,Barcelona,057,106,2024,4,25,0.26,V,0.2,V,0.21,V,0.18,V,0.18,V,0.18,V,0.21,V,0.25,V,0.27,V,0.25,V,0.25,V,0.26,V,0.28,V,0.39,V,0.36,V,0.35,V,0.34,V,0.36,V,0.32,V,0.32,V,0.33,V,0.34,V,0.39,V,0.34,V
08,Barcelona,019,Barcelona,057,106,2024,4,26,0.28,V,0.3,V,0.27,V,0.26,V,0.26,V,0.28,V,0.35,V,0.47,V,0.34,V,0.34,V,0.39,V,0.37,V,0.24,V,0.31,V,0.34,V,0.3,V,0.25,V,0.23,V,0.22,V,0.23,V,0.23,V,0.22,V,0.19,V,0.22,V
08,Barcelona,019,Barcelona,057,106,2024,4,27,0.23,V,0.16,V,0.13,V,0.13,V,0.12,V,0.12,V,0.12,V,0.14,V,0.13,V,0.11,V,0.12,V,0.12,V,0.1,V,0.1,V,0.07,V,0.07,V,0.07,V,0.07,V,0.06,V,0.06,V,0.06,V,0.08,V,0.06,V,0.04,V
08,Barcelona,019,Barcelona,057,106,2024,4,28,0.05,V,0.03,V,0.03,V,0.04,V,0.02,V,0.02,V,0.02,V,0.02,V,0.03,V,0.03,V,0.04,V,0.04,V,0.16,V,0.17,V,,N,,N,,N,,N,,N,,N,,N,,N,,N,,N
08,Barcelona,019,Barcelona,057,108,2024,4,25,25.12,V,24.83,V,19.04,V,14.14,V,10.27,V,7.19,V,13.15,V,21.3,V,22.5,V,15.85,V,11.98,V,10.4,V,8.7,V,5.47,V,5.77,V,5.5,V,5.29,V,6.33,V,6.93,V,7.99,V,9.41,V,14.06,V,21.18,V,16.16,V
08,Barcelona,019,Barcelona,057,108,2024,4,26,8.53,V,9.13,V,6.95,V,6.16,V,4.58,V,8.08,V,23.97,V,51.04,V,29.41,V,19.37,V,12.86,V,17.6,V,13.78,V,8.66,V,9.02,V,7.72,V,7.3,V,7.1,V,7.18,V,10.63,V,10.47,V,10.1,V,11.65,V,19.88,V
08,Barcelona,019,Barcelona,057,108,2024,4,27,5.29,V,5.99,V,4.59,V,3.96,V,3.93,V,3.85,V,3.27,V,5.33,V,7.92,V,12.61,V,16.53,V,12.08,V,15.26,V,15.98,V,17.64,V,9.62,V,6.08,V,8.97,V,13.15,V,15.24,V,11.19,V,11.56,V,14.16,V,16.16,V
08,Barcelona,019,Barcelona,057,108,2024,4,28,13.28,V,13.13,V,11.31,V,6.8,V,17.31,V,8.51,V,5.38,V,6.89,V,10.23,V,8.26,V,9.41,V,14.47,V,7.5,V,10.23,V,,N,,N,,N,,N,,N,,N,,N,,N,,N,,N
08,Barcelona,019,Barcelona,057,112,2024,4,25,25.2,V,24.78,V,18.93,V,13.79,V,10.06,V,7.11,V,13.38,V,21.99,V,24.07,V,18.39,V,13.39,V,12.26,V,10.09,V,6.96,V,6.61,V,6.17,V,6.16,V,7.13,V,7.22,V,8.21,V,9.5,V,14.11,V,21.11,V,16.17,V
08,Barcelona,019,Barcelona,057,112,2024,4,26,8.65,V,9.11,V,7.09,V,6.25,V,4.61,V,7.98,V,24.61,V,73.74,V,38.2,V,23.68,V,16.6,V,23.71,V,17.54,V,10.77,V,11.13,V,9.48,V,8.61,V,7.89,V,7.48,V,10.86,V,10.44,V,9.86,V,11.44,V,19.87,V
08,Barcelona,019,Barcelona,057,112,2024,4,27,5.2,V,5.92,V,4.49,V,3.77,V,3.87,V,3.55,V,3.36,V,5.14,V,7.99,V,13,V,17.59,V,13.5,V,18.18,V,18,V,19.91,V,10.29,V,6.3,V,9.65,V,13.66,V,15.3,V,11.56,V,11.46,V,14.23,V,16.18,V
08,Barcelona,019,Barcelona,057,112,2024,4,28,13.16,V,12.72,V,11.29,V,6.55,V,17.34,V,8.64,V,5.11,V,7.03,V,10.38,V,8.17,V,9.38,V,15.34,V,8.08,V,10.95,V,,N,,N,,N,,N,,N,,N,,N,,N,,N,,N
08,Barcelona,019,Barcelona,057,107,2024,4,25,0.05,V,-0.03,V,-0.07,V,-0.23,V,-0.14,V,-0.05,V,0.15,V,0.45,V,1.03,V,1.66,V,0.92,V,1.22,V,0.91,V,0.98,V,0.55,V,0.44,V,0.57,V,0.53,V,0.19,V,0.15,V,0.06,V,0.03,V,-0.04,V,0.01,V
08,Barcelona,019,Barcelona,057,107,2024,4,26,0.08,V,-0.01,V,0.1,V,0.06,V,0.02,V,-0.06,V,0.42,V,14.85,V,5.76,V,2.83,V,2.45,V,4,V,2.47,V,1.38,V,1.38,V,1.15,V,0.86,V,0.52,V,0.2,V,0.15,V,-0.02,V,-0.15,V,-0.13,V,-0.01,V
08,Barcelona,019,Barcelona,057,107,2024,4,27,-0.06,V,-0.05,V,-0.07,V,-0.12,V,-0.04,V,-0.2,V,0.06,V,-0.13,V,0.04,V,0.26,V,0.69,V,0.93,V,1.92,V,1.33,V,1.49,V,0.44,V,0.14,V,0.45,V,0.34,V,0.04,V,0.25,V,-0.07,V,0.04,V,0.01,V
08,Barcelona,019,Barcelona,057,107,2024,4,28,-0.08,V,-0.27,V,-0.02,V,-0.16,V,0.02,V,0.09,V,-0.18,V,0.09,V,0.1,V,-0.06,V,-0.02,V,0.57,V,0.38,V,0.47,V,,N,,N,,N,,N,,N,,N,,N,,N,,N,,N
08,Barcelona,019,Barcelona,057,114,2024,4,25,63.2,V,59.3,V,70.9,V,81.8,V,89.4,V,93,V,84.3,V,75.8,V,75.6,V,85.6,V,83.6,V,84.4,V,88.6,V,92.9,V,93.9,V,94.4,V,94.5,V,92.1,V,91.5,V,90.6,V,89.2,V,81.5,V,67.9,V,71.5,V
08,Barcelona,019,Barcelona,057,114,2024,4,26,68.1,V,58.5,V,53.6,V,59.8,V,67.3,V,45.4,V,30,V,5.9,V,34,V,50.6,V,64.1,V,72.3,V,90,V,96.8,V,99.3,V,103.4,V,105.2,V,110.1,V,112.8,V,106.4,V,104.9,V,103.8,V,100.1,V,90.4,V
08,Barcelona,019,Barcelona,057,114,2024,4,27,105.7,V,103.2,V,101.5,V,101.5,V,101.4,V,103.7,V,105.5,V,100.2,V,101.2,V,99.5,V,97.3,V,100.9,V,86.8,V,94.5,V,108,V,108,V,101.3,V,94.7,V,95.9,V,89.6,V,90.5,V,88.7,V,81.8,V,75.9,V
08,Barcelona,019,Barcelona,057,114,2024,4,28,79.8,V,63.8,V,61.7,V,57.7,V,54.1,V,78.5,V,77.9,V,81.5,V,82.1,V,86.4,V,86.8,V,81.6,V,90.3,V,89.4,V,,N,,N,,N,,N,,N,,N,,N,,N,,N,,N
08,Barcelona,019,Barcelona,057,110,2024,4,25,2,V,1.8,V,1.5,V,1.3,V,1.1,V,1.1,V,1.1,V,1.1,V,1.2,V,1.1,V,0.9,V,0.9,V,1.1,V,0.9,V,0.9,V,0.9,V,0.8,V,0.9,V,0.8,V,0.9,V,1,V,1.1,V,1.5,V,1.4,V
08,Barcelona,019,Barcelona,057,110,2024,4,26,1.1,V,1.3,V,1.2,V,1.2,V,1.1,V,1.1,V,2.2,V,3.1,V,3.5,V,2.5,V,1.9,V,3,V,2.3,V,1.2,V,1.2,V,1.3,V,1.1,V,1,V,1,V,0.9,V,0.8,V,0.8,V,0.9,V,1.1,V
08,Barcelona,019,Barcelona,057,110,2024,4,27,0.9,V,0.9,V,1,V,5.8,V,1,V,1.1,V,1,V,1.1,V,1.2,V,1.4,V,1.5,V,1.8,V,1.7,V,2.5,V,2.2,V,2.1,V,1.7,V,1.6,V,1.7,V,1.6,V,1.6,V,1.7,V,1.7,V,1.8,V
08,Barcelona,019,Barcelona,057,110,2024,4,28,1.6,V,1.6,V,1.6,V,1.4,V,1.6,V,1.7,V,1.8,V,1.3,V,1.2,V,1.2,V,0.7,V,0.7,V,0.6,V,0.9,V,,N,,N,,N,,N,,N,,N,,N,,N,,N,,N
08,Barcelona,019,Barcelona,057,109,2024,4,25,1.7,V,1.6,V,1.4,V,1.2,V,1,V,1,V,1,V,1.1,V,1.1,V,0.9,V,0.8,V,0.8,V,0.9,V,0.8,V,0.8,V,0.8,V,0.7,V,0.8,V,0.8,V,0.9,V,0.9,V,1,V,1.4,V,1.4,V
08,Barcelona,019,Barcelona,057,109,2024,4,26,1.1,V,1.3,V,1.2,V,1.2,V,1,V,1.1,V,2.2,V,3.1,V,3.4,V,2.3,V,1.6,V,2.8,V,2.1,V,1,V,1,V,1.1,V,1,V,0.9,V,0.9,V,0.8,V,0.8,V,0.7,V,0.8,V,1.1,V
08,Barcelona,019,Barcelona,057,109,2024,4,27,0.9,V,0.9,V,0.9,V,4.1,V,1,V,1,V,1,V,1,V,1.2,V,1.4,V,1.5,V,1.7,V,1.5,V,2.2,V,2.1,V,1.9,V,1.6,V,1.5,V,1.6,V,1.6,V,1.5,V,1.6,V,1.6,V,1.8,V
08,Barcelona,019,Barcelona,057,109,2024,4,28,1.6,V,1.5,V,1.6,V,1.4,V,1.6,V,1.6,V,1.8,V,1.3,V,1.2,V,1.2,V,0.6,V,0.7,V,0.6,V,0.9,V,,N,,N,,N,,N,,N,,N,,N,,N,,N,,N
08,Barcelona,019,Barcelona,057,101,2024,4,25,1.59,V,1.55,V,1.64,V,1.52,V,1.81,V,1.71,V,1.56,V,1.51,V,1.91,V,1.62,V,1.9,V,1.98,V,2.04,V,1.96,V,1.51,V,1.62,V,1.68,V,1.34,V,1.65,V,1.37,V,1.74,V,1.57,V,1.58,V,1.47,V
08,Barcelona,019,Barcelona,057,101,2024,4,26,1.47,V,1.59,V,1.59,V,1.33,V,1.51,V,1.34,V,1.68,V,1.57,V,1.63,V,1.78,V,1.82,V,2.27,V,2.68,V,2.31,V,2.13,V,1.97,V,2.13,V,1.75,V,1.78,V,1.79,V,1.97,V,1.75,V,1.61,V,1.71,V
08,Barcelona,019,Barcelona,057,101,2024,4,27,1.7,V,1.49,V,1.63,V,1.68,V,1.65,V,1.37,V,1.56,V,1.66,V,1.66,V,1.55,V,1.69,V,1.87,V,2.08,V,1.81,V,2.03,V,1.95,V,1.64,V,1.8,V,1.71,V,1.68,V,1.66,V,1.75,V,1.57,V,1.98,V
08,Barcelona,019,Barcelona,057,101,2024,4,28,1.36,V,1.71,V,1.84,V,1.76,V,1.51,V,1.69,V,1.6,V,1.61,V,1.72,V,1.65,V,1.44,V,1.83,V,1.81,V,1.67,V,,N,,N,,N,,N,,N,,N,,N,,N,,N,,N
08,Barcelona,019,Barcelona,043,9,2024,4,25,10,V,10,V,9,V,8,V,8,V,7,V,6,V,5,V,6,V,6,V,5,V,5,V,5,V,5,V,5,V,5,V,5,V,6,V,6,V,6,V,7,V,8,V,9,V,8,V
08,Barcelona,019,Barcelona,043,9,2024,4,26,7,V,7,V,7,V,8,V,7,V,6,V,10,V,12,V,12,V,10,V,11,V,9,V,10,V,6,V,5,V,6,V,6,V,6,V,6,V,6,V,6,V,7,V,7,V,6,V
08,Barcelona,019,Barcelona,043,9,2024,4,27,6,V,7,V,6,V,7,V,8,V,8,V,7,V,9,V,9,V,10,V,11,V,12,V,13,V,16,V,13,V,12,V,11,V,11,V,12,V,13,V,13,V,14,V,17,V,16,V
08,Barcelona,019,Barcelona,043,9,2024,4,28,14,V,13,V,12,V,12,V,12,V,13,V,12,V,10,V,10,V,10,V,5,V,5,V,6,V,9,V,,N,,N,,N,,N,,N,,N,,N,,N,,N,,N
